OrganisationName,OrganisationCode,PublishedDate,DurationFrom,DurationTo,LatestData,GeoName,ReportingPeriodType,Year,Period,Rainfallmm,Temp,,,,,,,,,,,,,,,,,,,,,,,,
Lincolnshire,http://opendatacommunities.org/id/county-council/lincolnshire,2019-02-27T00:00:00,2010-01-01T00:00:00,2010-01-31T00:00:00,TRUE,England E & NE,Monthly,2010,JAN,69.5,0.8,,,,,,,2019,3.4,6,7,7.8,10.3,13.4,17,16.5,13.4,8.8,5.6,4.9,4.89,8.38,15.67,9.26,9.54
Lincolnshire,http://opendatacommunities.org/id/county-council/lincolnshire,2019-02-27T00:00:00,2010-02-01T00:00:00,2010-02-28T00:00:00,TRUE,England E & NE,Monthly,2010,FEB,71.7,1.6,,,,,,,,,,,,,,,,,,,,,,,,
Lincolnshire,http://opendatacommunities.org/id/county-council/lincolnshire,2019-02-27T00:00:00,2010-03-01T00:00:00,2010-03-31T00:00:00,TRUE,England E & NE,Monthly,2010,MAR,65.1,5.5,,,,,,,,,,,,,,,,,,,,,,,,
Lincolnshire,http://opendatacommunities.org/id/county-council/lincolnshire,2019-02-27T00:00:00,2010-04-01T00:00:00,2010-04-30T00:00:00,TRUE,England E & NE,Monthly,2010,APR,21.4,8.2,,,,,,,,,,,,,,,,,,,,,,,,
Lincolnshire,http://opendatacommunities.org/id/county-council/lincolnshire,2019-02-27T00:00:00,2010-05-01T00:00:00,2010-05-31T00:00:00,TRUE,England E & NE,Monthly,2010,MAY,22.1,9.8,,,,,,,,,,,,,,,,,,,,,,,,
Lincolnshire,http://opendatacommunities.org/id/county-council/lincolnshire,2019-02-27T00:00:00,2010-06-01T00:00:00,2010-06-30T00:00:00,TRUE,England E & NE,Monthly,2010,JUN,42.7,14.3,,,,,,,,,,,,,,,,,,,,,,,,
Lincolnshire,http://opendatacommunities.org/id/county-council/lincolnshire,2019-02-27T00:00:00,2010-07-01T00:00:00,2010-07-31T00:00:00,TRUE,England E & NE,Monthly,2010,JUL,61.1,16.4,,,,,,,,,,,,,,,,,,,,,,,,
Lincolnshire,http://opendatacommunities.org/id/county-council/lincolnshire,2019-02-27T00:00:00,2010-08-01T00:00:00,2010-08-31T00:00:00,TRUE,England E & NE,Monthly,2010,AUG,76.6,14.6,,,,,,,,,,,,,,,,,,,,,,,,
Lincolnshire,http://opendatacommunities.org/id/county-council/lincolnshire,2019-02-27T00:00:00,2010-09-01T00:00:00,2010-09-30T00:00:00,TRUE,England E & NE,Monthly,2010,SEP,83.9,13.4,,,,,,,,,,,,,,,,,,,,,,,,
Lincolnshire,http://opendatacommunities.org/id/county-council/lincolnshire,2019-02-27T00:00:00,2010-10-01T00:00:00,2010-10-31T00:00:00,TRUE,England E & NE,Monthly,2010,OCT,65,9.6,,,,,,,,,,,,,,,,,,,,,,,,
Lincolnshire,http://opendatacommunities.org/id/county-council/lincolnshire,2019-02-27T00:00:00,2010-11-01T00:00:00,2010-11-30T00:00:00,TRUE,England E & NE,Monthly,2010,NOV,118.2,4.5,,,,,,,,,,,,,,,,,,,,,,,,
Lincolnshire,http://opendatacommunities.org/id/county-council/lincolnshire,2019-02-27T00:00:00,2010-12-01T00:00:00,2010-12-31T00:00:00,TRUE,England E & NE,Monthly,2010,DEC,40.7,-1.2,,,,,,,,,,,,,,,,,,,,,,,,
Lincolnshire,http://opendatacommunities.org/id/county-council/lincolnshire,2019-02-27T00:00:00,2009-12-01T00:00:00,2010-02-28T00:00:00,TRUE,England E & NE,Season,2010,Winter,228.7,1.52,,,,,,,,,,,,,,,,,,,,,,,,
Lincolnshire,http://opendatacommunities.org/id/county-council/lincolnshire,2019-02-27T00:00:00,2010-03-01T00:00:00,2010-05-31T00:00:00,TRUE,England E & NE,Season,2010,Spring,108.6,7.85,,,,,,,,,,,,,,,,,,,,,,,,
Lincolnshire,http://opendatacommunities.org/id/county-council/lincolnshire,2019-02-27T00:00:00,2010-06-01T00:00:00,2010-08-31T00:00:00,TRUE,England E & NE,Season,2010,Summer,180.5,15.08,,,,,,,,,,,,,,,,,,,,,,,,
Lincolnshire,http://opendatacommunities.org/id/county-council/lincolnshire,2019-02-27T00:00:00,2010-09-01T00:00:00,2010-11-30T00:00:00,TRUE,England E & NE,Season,2010,Autumn,267.2,9.17,,,,,,,,,,,,,,,,,,,,,,,,
Lincolnshire,http://opendatacommunities.org/id/county-council/lincolnshire,2019-02-27T00:00:00,2010-01-01T00:00:00,2010-12-31T00:00:00,TRUE,England E & NE,Calendar Year,2010,Annual,738.3,8.16,,,,,,,,,,,,,,,,,,,,,,,,
Lincolnshire,http://opendatacommunities.org/id/county-council/lincolnshire,2019-02-27T00:00:00,2011-01-01T00:00:00,2011-01-31T00:00:00,TRUE,England E & NE,Monthly,2011,JAN,54.5,3.1,,,,,,,,,,,,,,,,,,,,,,,,
Lincolnshire,http://opendatacommunities.org/id/county-council/lincolnshire,2019-02-27T00:00:00,2011-02-01T00:00:00,2011-02-28T00:00:00,TRUE,England E & NE,Monthly,2011,FEB,82,5.4,,,,,,,,,,,,,,,,,,,,,,,,
Lincolnshire,http://opendatacommunities.org/id/county-council/lincolnshire,2019-02-27T00:00:00,2011-03-01T00:00:00,2011-03-31T00:00:00,TRUE,England E & NE,Monthly,2011,MAR,20.5,6,,,,,,,,,,,,,,,,,,,,,,,,
Lincolnshire,http://opendatacommunities.org/id/county-council/lincolnshire,2019-02-27T00:00:00,2011-04-01T00:00:00,2011-04-30T00:00:00,TRUE,England E & NE,Monthly,2011,APR,10.3,10.7,,,,,,,,,,,,,,,,,,,,,,,,
Lincolnshire,http://opendatacommunities.org/id/county-council/lincolnshire,2019-02-27T00:00:00,2011-05-01T00:00:00,2011-05-31T00:00:00,TRUE,England E & NE,Monthly,2011,MAY,48.5,11.5,,,,,,,,,,,,,,,,,,,,,,,,
Lincolnshire,http://opendatacommunities.org/id/county-council/lincolnshire,2019-02-27T00:00:00,2011-06-01T00:00:00,2011-06-30T00:00:00,TRUE,England E & NE,Monthly,2011,JUN,62.9,13.5,,,,,,,,,,,,,,,,,,,,,,,,
Lincolnshire,http://opendatacommunities.org/id/county-council/lincolnshire,2019-02-27T00:00:00,2011-07-01T00:00:00,2011-07-31T00:00:00,TRUE,England E & NE,Monthly,2011,JUL,71.7,14.4,,,,,,,,,,,,,,,,,,,,,,,,
Lincolnshire,http://opendatacommunities.org/id/county-council/lincolnshire,2019-02-27T00:00:00,2011-08-01T00:00:00,2011-08-31T00:00:00,TRUE,England E & NE,Monthly,2011,AUG,94.1,14.6,,,,,,,,,,,,,,,,,,,,,,,,
Lincolnshire,http://opendatacommunities.org/id/county-council/lincolnshire,2019-02-27T00:00:00,2011-09-01T00:00:00,2011-09-30T00:00:00,TRUE,England E & NE,Monthly,2011,SEP,43.2,14.3,,,,,,,,,,,,,,,,,,,,,,,,
Lincolnshire,http://opendatacommunities.org/id/county-council/lincolnshire,2019-02-27T00:00:00,2011-10-01T00:00:00,2011-10-31T00:00:00,TRUE,England E & NE,Monthly,2011,OCT,62.1,11.4,,,,,,,,,,,,,,,,,,,,,,,,
Lincolnshire,http://opendatacommunities.org/id/county-council/lincolnshire,2019-02-27T00:00:00,2011-11-01T00:00:00,2011-11-30T00:00:00,TRUE,England E & NE,Monthly,2011,NOV,35.6,8.5,,,,,,,,,,,,,,,,,,,,,,,,
Lincolnshire,http://opendatacommunities.org/id/county-council/lincolnshire,2019-02-27T00:00:00,2011-12-01T00:00:00,2011-12-31T00:00:00,TRUE,England E & NE,Monthly,2011,DEC,76.2,4.5,,,,,,,,,,,,,,,,,,,,,,,,
Lincolnshire,http://opendatacommunities.org/id/county-council/lincolnshire,2019-02-27T00:00:00,2010-12-01T00:00:00,2011-02-28T00:00:00,TRUE,England E & NE,Season,2011,Winter,177.2,2.34,,,,,,,,,,,,,,,,,,,,,,,,
Lincolnshire,http://opendatacommunities.org/id/county-council/lincolnshire,2019-02-27T00:00:00,2011-03-01T00:00:00,2011-05-31T00:00:00,TRUE,England E & NE,Season,2011,Spring,79.4,9.38,,,,,,,,,,,,,,,,,,,,,,,,
Lincolnshire,http://opendatacommunities.org/id/county-council/lincolnshire,2019-02-27T00:00:00,2011-06-01T00:00:00,2011-08-31T00:00:00,TRUE,England E & NE,Season,2011,Summer,228.7,14.18,,,,,,,,,,,,,,,,,,,,,,,,
Lincolnshire,http://opendatacommunities.org/id/county-council/lincolnshire,2019-02-27T00:00:00,2011-09-01T00:00:00,2011-11-30T00:00:00,TRUE,England E & NE,Season,2011,Autumn,140.9,11.41,,,,,,,,,,,,,,,,,,,,,,,,
Lincolnshire,http://opendatacommunities.org/id/county-council/lincolnshire,2019-02-27T00:00:00,2011-01-01T00:00:00,2011-12-31T00:00:00,TRUE,England E & NE,Calendar Year,2011,Annual,661.7,9.85,,,,,,,,,,,,,,,,,,,,,,,,
Lincolnshire,http://opendatacommunities.org/id/county-council/lincolnshire,2019-02-27T00:00:00,2012-01-01T00:00:00,2012-01-31T00:00:00,TRUE,England E & NE,Monthly,2012,JAN,47.2,4.3,,,,,,,,,,,,,,,,,,,,,,,,
Lincolnshire,http://opendatacommunities.org/id/county-council/lincolnshire,2019-02-27T00:00:00,2012-02-01T00:00:00,2012-02-28T00:00:00,TRUE,England E & NE,Monthly,2012,FEB,24.2,3.9,,,,,,,,,,,,,,,,,,,,,,,,
Lincolnshire,http://opendatacommunities.org/id/county-council/lincolnshire,2019-02-27T00:00:00,2012-03-01T00:00:00,2012-03-31T00:00:00,TRUE,England E & NE,Monthly,2012,MAR,21.9,7.8,,,,,,,,,,,,,,,,,,,,,,,,
Lincolnshire,http://opendatacommunities.org/id/county-council/lincolnshire,2019-02-27T00:00:00,2012-04-01T00:00:00,2012-04-30T00:00:00,TRUE,England E & NE,Monthly,2012,APR,140.9,6.4,,,,,,,,,,,,,,,,,,,,,,,,
Lincolnshire,http://opendatacommunities.org/id/county-council/lincolnshire,2019-02-27T00:00:00,2012-05-01T00:00:00,2012-05-31T00:00:00,TRUE,England E & NE,Monthly,2012,MAY,62.3,10.3,,,,,,,,,,,,,,,,,,,,,,,,
Lincolnshire,http://opendatacommunities.org/id/county-council/lincolnshire,2019-02-27T00:00:00,2012-06-01T00:00:00,2012-06-30T00:00:00,TRUE,England E & NE,Monthly,2012,JUN,141.5,12.5,,,,,,,,,,,,,,,,,,,,,,,,
Lincolnshire,http://opendatacommunities.org/id/county-council/lincolnshire,2019-02-27T00:00:00,2012-07-01T00:00:00,2012-07-31T00:00:00,TRUE,England E & NE,Monthly,2012,JUL,96.3,14.6,,,,,,,,,,,,,,,,,,,,,,,,
Lincolnshire,http://opendatacommunities.org/id/county-council/lincolnshire,2019-02-27T00:00:00,2012-08-01T00:00:00,2012-08-31T00:00:00,TRUE,England E & NE,Monthly,2012,AUG,87.6,15.7,,,,,,,,,,,,,,,,,,,,,,,,
Lincolnshire,http://opendatacommunities.org/id/county-council/lincolnshire,2019-02-27T00:00:00,2012-09-01T00:00:00,2012-09-30T00:00:00,TRUE,England E & NE,Monthly,2012,SEP,95.3,12.5,,,,,,,,,,,,,,,,,,,,,,,,
Lincolnshire,http://opendatacommunities.org/id/county-council/lincolnshire,2019-02-27T00:00:00,2012-10-01T00:00:00,2012-10-31T00:00:00,TRUE,England E & NE,Monthly,2012,OCT,86.4,8.2,,,,,,,,,,,,,,,,,,,,,,,,
Lincolnshire,http://opendatacommunities.org/id/county-council/lincolnshire,2019-02-27T00:00:00,2012-11-01T00:00:00,2012-11-30T00:00:00,TRUE,England E & NE,Monthly,2012,NOV,111.8,5.8,,,,,,,,,,,,,,,,,,,,,,,,
Lincolnshire,http://opendatacommunities.org/id/county-council/lincolnshire,2019-02-27T00:00:00,2012-12-01T00:00:00,2012-12-31T00:00:00,TRUE,England E & NE,Monthly,2012,DEC,127.7,3.6,,,,,,,,,,,,,,,,,,,,,,,,
Lincolnshire,http://opendatacommunities.org/id/county-council/lincolnshire,2019-02-27T00:00:00,2011-12-01T00:00:00,2012-02-28T00:00:00,TRUE,England E & NE,Season,2012,Winter,147.6,4.25,,,,,,,,,,,,,,,,,,,,,,,,
Lincolnshire,http://opendatacommunities.org/id/county-council/lincolnshire,2019-02-27T00:00:00,2012-03-01T00:00:00,2012-05-31T00:00:00,TRUE,England E & NE,Season,2012,Spring,225.1,8.19,,,,,,,,,,,,,,,,,,,,,,,,
Lincolnshire,http://opendatacommunities.org/id/county-council/lincolnshire,2019-02-27T00:00:00,2012-06-01T00:00:00,2012-08-31T00:00:00,TRUE,England E & NE,Season,2012,Summer,325.4,14.26,,,,,,,,,,,,,,,,,,,,,,,,
Lincolnshire,http://opendatacommunities.org/id/county-council/lincolnshire,2019-02-27T00:00:00,2012-09-01T00:00:00,2012-11-30T00:00:00,TRUE,England E & NE,Season,2012,Autumn,293.5,8.81,,,,,,,,,,,,,,,,,,,,,,,,
Lincolnshire,http://opendatacommunities.org/id/county-council/lincolnshire,2019-02-27T00:00:00,2012-01-01T00:00:00,2012-12-31T00:00:00,TRUE,England E & NE,Calendar Year,2012,Annual,1043,8.81,,,,,,,,,,,,,,,,,,,,,,,,
Lincolnshire,http://opendatacommunities.org/id/county-council/lincolnshire,2019-02-27T00:00:00,2013-01-01T00:00:00,2013-01-31T00:00:00,TRUE,England E & NE,Monthly,2013,JAN,69.8,2.8,,,,,,,,,,,,,,,,,,,,,,,,
Lincolnshire,http://opendatacommunities.org/id/county-council/lincolnshire,2019-02-27T00:00:00,2013-02-01T00:00:00,2013-02-28T00:00:00,TRUE,England E & NE,Monthly,2013,FEB,34.3,2.6,,,,,,,,,,,,,,,,,,,,,,,,
Lincolnshire,http://opendatacommunities.org/id/county-council/lincolnshire,2019-02-27T00:00:00,2013-03-01T00:00:00,2013-03-31T00:00:00,TRUE,England E & NE,Monthly,2013,MAR,60.1,1.9,,,,,,,,,,,,,,,,,,,,,,,,
Lincolnshire,http://opendatacommunities.org/id/county-council/lincolnshire,2019-02-27T00:00:00,2013-04-01T00:00:00,2013-04-30T00:00:00,TRUE,England E & NE,Monthly,2013,APR,22.1,6.8,,,,,,,,,,,,,,,,,,,,,,,,
Lincolnshire,http://opendatacommunities.org/id/county-council/lincolnshire,2019-02-27T00:00:00,2013-05-01T00:00:00,2013-05-31T00:00:00,TRUE,England E & NE,Monthly,2013,MAY,76.4,9.9,,,,,,,,,,,,,,,,,,,,,,,,
Lincolnshire,http://opendatacommunities.org/id/county-council/lincolnshire,2019-02-27T00:00:00,2013-06-01T00:00:00,2013-06-30T00:00:00,TRUE,England E & NE,Monthly,2013,JUN,40.8,12.9,,,,,,,,,,,,,,,,,,,,,,,,
Lincolnshire,http://opendatacommunities.org/id/county-council/lincolnshire,2019-02-27T00:00:00,2013-07-01T00:00:00,2013-07-31T00:00:00,TRUE,England E & NE,Monthly,2013,JUL,55.9,17.3,,,,,,,,,,,,,,,,,,,,,,,,
Lincolnshire,http://opendatacommunities.org/id/county-council/lincolnshire,2019-02-27T00:00:00,2013-08-01T00:00:00,2013-08-31T00:00:00,TRUE,England E & NE,Monthly,2013,AUG,61.2,16.2,,,,,,,,,,,,,,,,,,,,,,,,
Lincolnshire,http://opendatacommunities.org/id/county-council/lincolnshire,2019-02-27T00:00:00,2013-09-01T00:00:00,2013-09-30T00:00:00,TRUE,England E & NE,Monthly,2013,SEP,44.1,12.9,,,,,,,,,,,,,,,,,,,,,,,,
Lincolnshire,http://opendatacommunities.org/id/county-council/lincolnshire,2019-02-27T00:00:00,2013-10-01T00:00:00,2013-10-31T00:00:00,TRUE,England E & NE,Monthly,2013,OCT,111.5,11.6,,,,,,,,,,,,,,,,,,,,,,,,
Lincolnshire,http://opendatacommunities.org/id/county-council/lincolnshire,2019-02-27T00:00:00,2013-11-01T00:00:00,2013-11-30T00:00:00,TRUE,England E & NE,Monthly,2013,NOV,52.5,5.3,,,,,,,,,,,,,,,,,,,,,,,,
Lincolnshire,http://opendatacommunities.org/id/county-council/lincolnshire,2019-02-27T00:00:00,2013-12-01T00:00:00,2013-12-31T00:00:00,TRUE,England E & NE,Monthly,2013,DEC,76.7,5.4,,,,,,,,,,,,,,,,,,,,,,,,
Lincolnshire,http://opendatacommunities.org/id/county-council/lincolnshire,2019-02-27T00:00:00,2012-12-01T00:00:00,2013-02-28T00:00:00,TRUE,England E & NE,Season,2013,Winter,231.8,2.98,,,,,,,,,,,,,,,,,,,,,,,,
Lincolnshire,http://opendatacommunities.org/id/county-council/lincolnshire,2019-02-27T00:00:00,2013-03-01T00:00:00,2013-05-31T00:00:00,TRUE,England E & NE,Season,2013,Spring,158.6,6.2,,,,,,,,,,,,,,,,,,,,,,,,
Lincolnshire,http://opendatacommunities.org/id/county-council/lincolnshire,2019-02-27T00:00:00,2013-06-01T00:00:00,2013-08-31T00:00:00,TRUE,England E & NE,Season,2013,Summer,157.9,15.52,,,,,,,,,,,,,,,,,,,,,,,,
Lincolnshire,http://opendatacommunities.org/id/county-council/lincolnshire,2019-02-27T00:00:00,2013-09-01T00:00:00,2013-11-30T00:00:00,TRUE,England E & NE,Season,2013,Autumn,208.1,9.95,,,,,,,,,,,,,,,,,,,,,,,,
Lincolnshire,http://opendatacommunities.org/id/county-council/lincolnshire,2019-02-27T00:00:00,2013-01-01T00:00:00,2013-12-31T00:00:00,TRUE,England E & NE,Calendar Year,2013,Annual,705.5,8.85,,,,,,,,,,,,,,,,,,,,,,,,
Lincolnshire,http://opendatacommunities.org/id/county-council/lincolnshire,2019-02-27T00:00:00,2014-01-01T00:00:00,2014-01-31T00:00:00,TRUE,England E & NE,Monthly,2014,JAN,118.5,4.5,,,,,,,,,,,,,,,,,,,,,,,,
Lincolnshire,http://opendatacommunities.org/id/county-council/lincolnshire,2019-02-27T00:00:00,2014-02-01T00:00:00,2014-02-28T00:00:00,TRUE,England E & NE,Monthly,2014,FEB,81.8,5.3,,,,,,,,,,,,,,,,,,,,,,,,
Lincolnshire,http://opendatacommunities.org/id/county-council/lincolnshire,2019-02-27T00:00:00,2014-03-01T00:00:00,2014-03-31T00:00:00,TRUE,England E & NE,Monthly,2014,MAR,44.2,6.8,,,,,,,,,,,,,,,,,,,,,,,,
Lincolnshire,http://opendatacommunities.org/id/county-council/lincolnshire,2019-02-27T00:00:00,2014-04-01T00:00:00,2014-04-30T00:00:00,TRUE,England E & NE,Monthly,2014,APR,42,9.3,,,,,,,,,,,,,,,,,,,,,,,,
Lincolnshire,http://opendatacommunities.org/id/county-council/lincolnshire,2019-02-27T00:00:00,2014-05-01T00:00:00,2014-05-31T00:00:00,TRUE,England E & NE,Monthly,2014,MAY,104.4,11.5,,,,,,,,,,,,,,,,,,,,,,,,
Lincolnshire,http://opendatacommunities.org/id/county-council/lincolnshire,2019-02-27T00:00:00,2014-06-01T00:00:00,2014-06-30T00:00:00,TRUE,England E & NE,Monthly,2014,JUN,45.5,14.3,,,,,,,,,,,,,,,,,,,,,,,,
Lincolnshire,http://opendatacommunities.org/id/county-council/lincolnshire,2019-02-27T00:00:00,2014-07-01T00:00:00,2014-07-31T00:00:00,TRUE,England E & NE,Monthly,2014,JUL,54.7,16.7,,,,,,,,,,,,,,,,,,,,,,,,
Lincolnshire,http://opendatacommunities.org/id/county-council/lincolnshire,2019-02-27T00:00:00,2014-08-01T00:00:00,2014-08-31T00:00:00,TRUE,England E & NE,Monthly,2014,AUG,96.2,14.4,,,,,,,,,,,,,,,,,,,,,,,,
Lincolnshire,http://opendatacommunities.org/id/county-council/lincolnshire,2019-02-27T00:00:00,2014-09-01T00:00:00,2014-09-30T00:00:00,TRUE,England E & NE,Monthly,2014,SEP,18.2,13.9,,,,,,,,,,,,,,,,,,,,,,,,
Lincolnshire,http://opendatacommunities.org/id/county-council/lincolnshire,2019-02-27T00:00:00,2014-10-01T00:00:00,2014-10-31T00:00:00,TRUE,England E & NE,Monthly,2014,OCT,83,11.3,,,,,,,,,,,,,,,,,,,,,,,,
Lincolnshire,http://opendatacommunities.org/id/county-council/lincolnshire,2019-02-27T00:00:00,2014-11-01T00:00:00,2014-11-30T00:00:00,TRUE,England E & NE,Monthly,2014,NOV,81.6,7.6,,,,,,,,,,,,,,,,,,,,,,,,
Lincolnshire,http://opendatacommunities.org/id/county-council/lincolnshire,2019-02-27T00:00:00,2014-12-01T00:00:00,2014-12-31T00:00:00,TRUE,England E & NE,Monthly,2014,DEC,61.1,4.4,,,,,,,,,,,,,,,,,,,,,,,,
Lincolnshire,http://opendatacommunities.org/id/county-council/lincolnshire,2019-02-27T00:00:00,2013-12-01T00:00:00,2014-02-28T00:00:00,TRUE,England E & NE,Season,2014,Winter,277.1,5.05,,,,,,,,,,,,,,,,,,,,,,,,
Lincolnshire,http://opendatacommunities.org/id/county-council/lincolnshire,2019-02-27T00:00:00,2014-03-01T00:00:00,2014-05-31T00:00:00,TRUE,England E & NE,Season,2014,Spring,190.7,9.19,,,,,,,,,,,,,,,,,,,,,,,,
Lincolnshire,http://opendatacommunities.org/id/county-council/lincolnshire,2019-02-27T00:00:00,2014-06-01T00:00:00,2014-08-31T00:00:00,TRUE,England E & NE,Season,2014,Summer,196.4,15.1,,,,,,,,,,,,,,,,,,,,,,,,
Lincolnshire,http://opendatacommunities.org/id/county-council/lincolnshire,2019-02-27T00:00:00,2014-09-01T00:00:00,2014-11-30T00:00:00,TRUE,England E & NE,Season,2014,Autumn,182.7,10.94,,,,,,,,,,,,,,,,,,,,,,,,
Lincolnshire,http://opendatacommunities.org/id/county-council/lincolnshire,2019-02-27T00:00:00,2014-01-01T00:00:00,2014-12-31T00:00:00,TRUE,England E & NE,Calendar Year,2014,Annual,831.2,10.01,,,,,,,,,,,,,,,,,,,,,,,,
Lincolnshire,http://opendatacommunities.org/id/county-council/lincolnshire,2019-02-27T00:00:00,2015-01-01T00:00:00,2015-01-31T00:00:00,TRUE,England E & NE,Monthly,2015,JAN,62.7,3.5,,,,,,,,,,,,,,,,,,,,,,,,
Lincolnshire,http://opendatacommunities.org/id/county-council/lincolnshire,2019-02-27T00:00:00,2015-02-01T00:00:00,2015-02-28T00:00:00,TRUE,England E & NE,Monthly,2015,FEB,37,3.5,,,,,,,,,,,,,,,,,,,,,,,,
Lincolnshire,http://opendatacommunities.org/id/county-council/lincolnshire,2019-02-27T00:00:00,2015-03-01T00:00:00,2015-03-31T00:00:00,TRUE,England E & NE,Monthly,2015,MAR,45.6,5.6,,,,,,,,,,,,,,,,,,,,,,,,
Lincolnshire,http://opendatacommunities.org/id/county-council/lincolnshire,2019-02-27T00:00:00,2015-04-01T00:00:00,2015-04-30T00:00:00,TRUE,England E & NE,Monthly,2015,APR,25.6,8,,,,,,,,,,,,,,,,,,,,,,,,
Lincolnshire,http://opendatacommunities.org/id/county-council/lincolnshire,2019-02-27T00:00:00,2015-05-01T00:00:00,2015-05-31T00:00:00,TRUE,England E & NE,Monthly,2015,MAY,82.5,10,,,,,,,,,,,,,,,,,,,,,,,,
Lincolnshire,http://opendatacommunities.org/id/county-council/lincolnshire,2019-02-27T00:00:00,2015-06-01T00:00:00,2015-06-30T00:00:00,TRUE,England E & NE,Monthly,2015,JUN,34.9,12.9,,,,,,,,,,,,,,,,,,,,,,,,
Lincolnshire,http://opendatacommunities.org/id/county-council/lincolnshire,2019-02-27T00:00:00,2015-07-01T00:00:00,2015-07-31T00:00:00,TRUE,England E & NE,Monthly,2015,JUL,85.3,14.9,,,,,,,,,,,,,,,,,,,,,,,,
Lincolnshire,http://opendatacommunities.org/id/county-council/lincolnshire,2019-02-27T00:00:00,2015-08-01T00:00:00,2015-08-31T00:00:00,TRUE,England E & NE,Monthly,2015,AUG,73.2,15.4,,,,,,,,,,,,,,,,,,,,,,,,
Lincolnshire,http://opendatacommunities.org/id/county-council/lincolnshire,2019-02-27T00:00:00,2015-09-01T00:00:00,2015-09-30T00:00:00,TRUE,England E & NE,Monthly,2015,SEP,39.1,12,,,,,,,,,,,,,,,,,,,,,,,,
Lincolnshire,http://opendatacommunities.org/id/county-council/lincolnshire,2019-02-27T00:00:00,2015-10-01T00:00:00,2015-10-31T00:00:00,TRUE,England E & NE,Monthly,2015,OCT,65,10.1,,,,,,,,,,,,,,,,,,,,,,,,
Lincolnshire,http://opendatacommunities.org/id/county-council/lincolnshire,2019-02-27T00:00:00,2015-11-01T00:00:00,2015-11-30T00:00:00,TRUE,England E & NE,Monthly,2015,NOV,116.6,8.1,,,,,,,,,,,,,,,,,,,,,,,,
Lincolnshire,http://opendatacommunities.org/id/county-council/lincolnshire,2019-02-27T00:00:00,2015-12-01T00:00:00,2015-12-31T00:00:00,TRUE,England E & NE,Monthly,2015,DEC,148,8,,,,,,,,,,,,,,,,,,,,,,,,
Lincolnshire,http://opendatacommunities.org/id/county-council/lincolnshire,2019-02-27T00:00:00,2014-12-01T00:00:00,2015-02-28T00:00:00,TRUE,England E & NE,Season,2015,Winter,160.8,3.81,,,,,,,,,,,,,,,,,,,,,,,,
Lincolnshire,http://opendatacommunities.org/id/county-council/lincolnshire,2019-02-27T00:00:00,2015-03-01T00:00:00,2015-05-31T00:00:00,TRUE,England E & NE,Season,2015,Spring,153.8,7.87,,,,,,,,,,,,,,,,,,,,,,,,
Lincolnshire,http://opendatacommunities.org/id/county-council/lincolnshire,2019-02-27T00:00:00,2015-06-01T00:00:00,2015-08-31T00:00:00,TRUE,England E & NE,Season,2015,Summer,193.3,14.42,,,,,,,,,,,,,,,,,,,,,,,,
Lincolnshire,http://opendatacommunities.org/id/county-council/lincolnshire,2019-02-27T00:00:00,2015-09-01T00:00:00,2015-11-30T00:00:00,TRUE,England E & NE,Season,2015,Autumn,220.7,10.07,,,,,,,,,,,,,,,,,,,,,,,,
Lincolnshire,http://opendatacommunities.org/id/county-council/lincolnshire,2019-02-27T00:00:00,2015-01-01T00:00:00,2015-12-31T00:00:00,TRUE,England E & NE,Calendar Year,2015,Annual,815.5,9.38,,,,,,,,,,,,,,,,,,,,,,,,
Lincolnshire,http://opendatacommunities.org/id/county-council/lincolnshire,2019-02-27T00:00:00,2016-01-01T00:00:00,2016-01-31T00:00:00,TRUE,England E & NE,Monthly,2016,JAN,121.7,4.4,,,,,,,,,,,,,,,,,,,,,,,,
Lincolnshire,http://opendatacommunities.org/id/county-council/lincolnshire,2019-02-27T00:00:00,2016-02-01T00:00:00,2016-02-28T00:00:00,TRUE,England E & NE,Monthly,2016,FEB,53,3.9,,,,,,,,,,,,,,,,,,,,,,,,
Lincolnshire,http://opendatacommunities.org/id/county-council/lincolnshire,2019-02-27T00:00:00,2016-03-01T00:00:00,2016-03-31T00:00:00,TRUE,England E & NE,Monthly,2016,MAR,66.3,5.3,,,,,,,,,,,,,,,,,,,,,,,,
Lincolnshire,http://opendatacommunities.org/id/county-council/lincolnshire,2019-02-27T00:00:00,2016-04-01T00:00:00,2016-04-30T00:00:00,TRUE,England E & NE,Monthly,2016,APR,70.3,6.4,,,,,,,,,,,,,,,,,,,,,,,,
Lincolnshire,http://opendatacommunities.org/id/county-council/lincolnshire,2019-02-27T00:00:00,2016-05-01T00:00:00,2016-05-31T00:00:00,TRUE,England E & NE,Monthly,2016,MAY,36.2,11,,,,,,,,,,,,,,,,,,,,,,,,
Lincolnshire,http://opendatacommunities.org/id/county-council/lincolnshire,2019-02-27T00:00:00,2016-06-01T00:00:00,2016-06-30T00:00:00,TRUE,England E & NE,Monthly,2016,JUN,76.5,13.5,,,,,,,,,,,,,,,,,,,,,,,,
Lincolnshire,http://opendatacommunities.org/id/county-council/lincolnshire,2019-02-27T00:00:00,2016-07-01T00:00:00,2016-07-31T00:00:00,TRUE,England E & NE,Monthly,2016,JUL,51.2,16,,,,,,,,,,,,,,,,,,,,,,,,
Lincolnshire,http://opendatacommunities.org/id/county-council/lincolnshire,2019-02-27T00:00:00,2016-08-01T00:00:00,2016-08-31T00:00:00,TRUE,England E & NE,Monthly,2016,AUG,73.2,16,,,,,,,,,,,,,,,,,,,,,,,,
Lincolnshire,http://opendatacommunities.org/id/county-council/lincolnshire,2019-02-27T00:00:00,2016-09-01T00:00:00,2016-09-30T00:00:00,TRUE,England E & NE,Monthly,2016,SEP,48.6,15.2,,,,,,,,,,,,,,,,,,,,,,,,
Lincolnshire,http://opendatacommunities.org/id/county-council/lincolnshire,2019-02-27T00:00:00,2016-10-01T00:00:00,2016-10-31T00:00:00,TRUE,England E & NE,Monthly,2016,OCT,50.1,10.2,,,,,,,,,,,,,,,,,,,,,,,,
Lincolnshire,http://opendatacommunities.org/id/county-council/lincolnshire,2019-02-27T00:00:00,2016-11-01T00:00:00,2016-11-30T00:00:00,TRUE,England E & NE,Monthly,2016,NOV,93.1,4.8,,,,,,,,,,,,,,,,,,,,,,,,
Lincolnshire,http://opendatacommunities.org/id/county-council/lincolnshire,2019-02-27T00:00:00,2016-12-01T00:00:00,2016-12-31T00:00:00,TRUE,England E & NE,Monthly,2016,DEC,37.9,5.6,,,,,,,,,,,,,,,,,,,,,,,,
Lincolnshire,http://opendatacommunities.org/id/county-council/lincolnshire,2019-02-27T00:00:00,2015-12-01T00:00:00,2016-02-28T00:00:00,TRUE,England E & NE,Season,2016,Winter,322.6,5.48,,,,,,,,,,,,,,,,,,,,,,,,
Lincolnshire,http://opendatacommunities.org/id/county-council/lincolnshire,2019-02-27T00:00:00,2016-03-01T00:00:00,2016-05-31T00:00:00,TRUE,England E & NE,Season,2016,Spring,172.9,7.59,,,,,,,,,,,,,,,,,,,,,,,,
Lincolnshire,http://opendatacommunities.org/id/county-council/lincolnshire,2019-02-27T00:00:00,2016-06-01T00:00:00,2016-08-31T00:00:00,TRUE,England E & NE,Season,2016,Summer,200.9,15.19,,,,,,,,,,,,,,,,,,,,,,,,
Lincolnshire,http://opendatacommunities.org/id/county-council/lincolnshire,2019-02-27T00:00:00,2016-09-01T00:00:00,2016-11-30T00:00:00,TRUE,England E & NE,Season,2016,Autumn,191.8,10.06,,,,,,,,,,,,,,,,,,,,,,,,
Lincolnshire,http://opendatacommunities.org/id/county-council/lincolnshire,2019-02-27T00:00:00,2016-01-01T00:00:00,2016-12-31T00:00:00,TRUE,England E & NE,Calendar Year,2016,Annual,778.2,9.38,,,,,,,,,,,,,,,,,,,,,,,,
Lincolnshire,http://opendatacommunities.org/id/county-council/lincolnshire,2019-02-27T00:00:00,2017-01-01T00:00:00,2017-01-31T00:00:00,TRUE,England E & NE,Monthly,2017,JAN,39.4,3.3,,,,,,,,,,,,,,,,,,,,,,,,
Lincolnshire,http://opendatacommunities.org/id/county-council/lincolnshire,2019-02-27T00:00:00,2017-02-01T00:00:00,2017-02-28T00:00:00,TRUE,England E & NE,Monthly,2017,FEB,65.9,5.3,,,,,,,,,,,,,,,,,,,,,,,,
Lincolnshire,http://opendatacommunities.org/id/county-council/lincolnshire,2019-02-27T00:00:00,2017-03-01T00:00:00,2017-03-31T00:00:00,TRUE,England E & NE,Monthly,2017,MAR,63.9,7.6,,,,,,,,,,,,,,,,,,,,,,,,
Lincolnshire,http://opendatacommunities.org/id/county-council/lincolnshire,2019-02-27T00:00:00,2017-04-01T00:00:00,2017-04-30T00:00:00,TRUE,England E & NE,Monthly,2017,APR,19.4,8.2,,,,,,,,,,,,,,,,,,,,,,,,
Lincolnshire,http://opendatacommunities.org/id/county-council/lincolnshire,2019-02-27T00:00:00,2017-05-01T00:00:00,2017-05-31T00:00:00,TRUE,England E & NE,Monthly,2017,MAY,42.9,12.2,,,,,,,,,,,,,,,,,,,,,,,,
Lincolnshire,http://opendatacommunities.org/id/county-council/lincolnshire,2019-02-27T00:00:00,2017-06-01T00:00:00,2017-06-30T00:00:00,TRUE,England E & NE,Monthly,2017,JUN,116,15.1,,,,,,,,,,,,,,,,,,,,,,,,
Lincolnshire,http://opendatacommunities.org/id/county-council/lincolnshire,2019-02-27T00:00:00,2017-07-01T00:00:00,2017-07-31T00:00:00,TRUE,England E & NE,Monthly,2017,JUL,81.7,15.4,,,,,,,,,,,,,,,,,,,,,,,,
Lincolnshire,http://opendatacommunities.org/id/county-council/lincolnshire,2019-02-27T00:00:00,2017-08-01T00:00:00,2017-08-31T00:00:00,TRUE,England E & NE,Monthly,2017,AUG,64.4,15,,,,,,,,,,,,,,,,,,,,,,,,
Lincolnshire,http://opendatacommunities.org/id/county-council/lincolnshire,2019-02-27T00:00:00,2017-09-01T00:00:00,2017-09-30T00:00:00,TRUE,England E & NE,Monthly,2017,SEP,85,12.9,,,,,,,,,,,,,,,,,,,,,,,,
Lincolnshire,http://opendatacommunities.org/id/county-council/lincolnshire,2019-02-27T00:00:00,2017-10-01T00:00:00,2017-10-31T00:00:00,TRUE,England E & NE,Monthly,2017,OCT,50.1,11.6,,,,,,,,,,,,,,,,,,,,,,,,
Lincolnshire,http://opendatacommunities.org/id/county-council/lincolnshire,2019-02-27T00:00:00,2017-11-01T00:00:00,2017-11-30T00:00:00,TRUE,England E & NE,Monthly,2017,NOV,69.1,5.8,,,,,,,,,,,,,,,,,,,,,,,,
Lincolnshire,http://opendatacommunities.org/id/county-council/lincolnshire,2019-02-27T00:00:00,2017-12-01T00:00:00,2017-12-31T00:00:00,TRUE,England E & NE,Monthly,2017,DEC,56.8,3.8,,,,,,,,,,,,,,,,,,,,,,,,
Lincolnshire,http://opendatacommunities.org/id/county-council/lincolnshire,2019-02-27T00:00:00,2016-12-01T00:00:00,2017-02-28T00:00:00,TRUE,England E & NE,Season,2017,Winter,143.2,4.73,,,,,,,,,,,,,,,,,,,,,,,,
Lincolnshire,http://opendatacommunities.org/id/county-council/lincolnshire,2019-02-27T00:00:00,2017-03-01T00:00:00,2017-05-31T00:00:00,TRUE,England E & NE,Season,2017,Spring,126.1,9.34,,,,,,,,,,,,,,,,,,,,,,,,
Lincolnshire,http://opendatacommunities.org/id/county-council/lincolnshire,2019-02-27T00:00:00,2017-06-01T00:00:00,2017-08-31T00:00:00,TRUE,England E & NE,Season,2017,Summer,262,15.16,,,,,,,,,,,,,,,,,,,,,,,,
Lincolnshire,http://opendatacommunities.org/id/county-council/lincolnshire,2019-02-27T00:00:00,2017-09-01T00:00:00,2017-11-30T00:00:00,TRUE,England E & NE,Season,2017,Autumn,204.2,10.11,,,,,,,,,,,,,,,,,,,,,,,,
Lincolnshire,http://opendatacommunities.org/id/county-council/lincolnshire,2019-02-27T00:00:00,2017-01-01T00:00:00,2017-12-31T00:00:00,TRUE,England E & NE,Calendar Year,2017,Annual,754.5,9.71,,,,,,,,,,,,,,,,,,,,,,,,
Lincolnshire,http://opendatacommunities.org/id/county-council/lincolnshire,2019-02-27T00:00:00,2018-01-01T00:00:00,2018-01-31T00:00:00,TRUE,England E & NE,Monthly,2018,JAN,71.5,4.1,,,,,,,,,,,,,,,,,,,,,,,,
Lincolnshire,http://opendatacommunities.org/id/county-council/lincolnshire,2019-02-27T00:00:00,2018-02-01T00:00:00,2018-02-28T00:00:00,TRUE,England E & NE,Monthly,2018,FEB,46.7,2.1,,,,,,,,,,,,,,,,,,,,,,,,
Lincolnshire,http://opendatacommunities.org/id/county-council/lincolnshire,2019-02-27T00:00:00,2018-03-01T00:00:00,2018-03-31T00:00:00,TRUE,England E & NE,Monthly,2018,MAR,95.3,3.8,,,,,,,,,,,,,,,,,,,,,,,,
Lincolnshire,http://opendatacommunities.org/id/county-council/lincolnshire,2019-02-27T00:00:00,2018-04-01T00:00:00,2018-04-30T00:00:00,TRUE,England E & NE,Monthly,2018,APR,78.2,8.6,,,,,,,,,,,,,,,,,,,,,,,,
Lincolnshire,http://opendatacommunities.org/id/county-council/lincolnshire,2019-02-27T00:00:00,2018-05-01T00:00:00,2018-05-31T00:00:00,TRUE,England E & NE,Monthly,2018,MAY,35.5,12.2,,,,,,,,,,,,,,,,,,,,,,,,
Lincolnshire,http://opendatacommunities.org/id/county-council/lincolnshire,2019-02-27T00:00:00,2018-06-01T00:00:00,2018-06-30T00:00:00,TRUE,England E & NE,Monthly,2018,JUN,26.6,14.6,,,,,,,,,,,,,,,,,,,,,,,,
Lincolnshire,http://opendatacommunities.org/id/county-council/lincolnshire,2019-02-27T00:00:00,2018-07-01T00:00:00,2018-07-31T00:00:00,TRUE,England E & NE,Monthly,2018,JUL,42.6,17.8,,,,,,,,,,,,,,,,,,,,,,,,
Lincolnshire,http://opendatacommunities.org/id/county-council/lincolnshire,2019-02-27T00:00:00,2018-08-01T00:00:00,2018-08-31T00:00:00,TRUE,England E & NE,Monthly,2018,AUG,57.7,16.2,,,,,,,,,,,,,,,,,,,,,,,,
Lincolnshire,http://opendatacommunities.org/id/county-council/lincolnshire,2019-02-27T00:00:00,2018-09-01T00:00:00,2018-09-30T00:00:00,TRUE,England E & NE,Monthly,2018,SEP,58.6,13,,,,,,,,,,,,,,,,,,,,,,,,
Lincolnshire,http://opendatacommunities.org/id/county-council/lincolnshire,2019-02-27T00:00:00,2018-10-01T00:00:00,2018-10-31T00:00:00,TRUE,England E & NE,Monthly,2018,OCT,66.3,10,,,,,,,,,,,,,,,,,,,,,,,,
Lincolnshire,http://opendatacommunities.org/id/county-council/lincolnshire,2019-02-27T00:00:00,2018-11-01T00:00:00,2018-11-30T00:00:00,TRUE,England E & NE,Monthly,2018,NOV,71.6,7.4,,,,,,,,,,,,,,,,,,,,,,,,
Lincolnshire,http://opendatacommunities.org/id/county-council/lincolnshire,2019-02-27T00:00:00,2018-12-01T00:00:00,2018-12-31T00:00:00,TRUE,England E & NE,Monthly,2018,DEC,71,5.4,,,,,,,,,,,,,,,,,,,,,,,,
Lincolnshire,http://opendatacommunities.org/id/county-council/lincolnshire,2019-02-27T00:00:00,2017-12-01T00:00:00,2018-02-28T00:00:00,TRUE,England E & NE,Season,2018,Winter,175.1,3.37,,,,,,,,,,,,,,,,,,,,,,,,
Lincolnshire,http://opendatacommunities.org/id/county-council/lincolnshire,2019-02-27T00:00:00,2018-03-01T00:00:00,2018-05-31T00:00:00,TRUE,England E & NE,Season,2018,Spring,209,8.21,,,,,,,,,,,,,,,,,,,,,,,,
Lincolnshire,http://opendatacommunities.org/id/county-council/lincolnshire,2019-02-27T00:00:00,2018-06-01T00:00:00,2018-08-31T00:00:00,TRUE,England E & NE,Season,2018,Summer,126.9,16.21,,,,,,,,,,,,,,,,,,,,,,,,
Lincolnshire,http://opendatacommunities.org/id/county-council/lincolnshire,2019-02-27T00:00:00,2018-09-01T00:00:00,2018-11-30T00:00:00,TRUE,England E & NE,Season,2018,Autumn,196.4,10.12,,,,,,,,,,,,,,,,,,,,,,,,
Lincolnshire,http://opendatacommunities.org/id/county-council/lincolnshire,2019-02-27T00:00:00,2018-01-01T00:00:00,2018-12-31T00:00:00,TRUE,England E & NE,Calendar Year,2018,Annual,721.6,9.64,,,,,,,,,,,,,,,,,,,,,,,,
Lincolnshire,http://opendatacommunities.org/id/county-council/lincolnshire,2020-02-03T00:00:00,2019-01-01T00:00:00,2019-01-31T00:00:00,TRUE,England E & NE,Monthly,2019,JAN,22.8,3.4,,,,,,,,,,,,,,,,,,,,,,,,
Lincolnshire,http://opendatacommunities.org/id/county-council/lincolnshire,2020-02-03T00:00:00,2019-02-01T00:00:00,2019-02-28T00:00:00,TRUE,England E & NE,Monthly,2019,FEB,36.2,6,,,,,,,,,,,,,,,,,,,,,,,,
Lincolnshire,http://opendatacommunities.org/id/county-council/lincolnshire,2020-02-03T00:00:00,2019-03-01T00:00:00,2019-03-31T00:00:00,TRUE,England E & NE,Monthly,2019,MAR,82.2,7,,,,,,,,,,,,,,,,,,,,,,,,
Lincolnshire,http://opendatacommunities.org/id/county-council/lincolnshire,2020-02-03T00:00:00,2019-04-01T00:00:00,2019-04-30T00:00:00,TRUE,England E & NE,Monthly,2019,APR,27.7,7.8,,,,,,,,,,,,,,,,,,,,,,,,
Lincolnshire,http://opendatacommunities.org/id/county-council/lincolnshire,2020-02-03T00:00:00,2019-05-01T00:00:00,2019-05-31T00:00:00,TRUE,England E & NE,Monthly,2019,MAY,52.1,10.3,,,,,,,,,,,,,,,,,,,,,,,,
Lincolnshire,http://opendatacommunities.org/id/county-council/lincolnshire,2020-02-03T00:00:00,2019-06-01T00:00:00,2019-06-30T00:00:00,TRUE,England E & NE,Monthly,2019,JUN,114.3,13.4,,,,,,,,,,,,,,,,,,,,,,,,
Lincolnshire,http://opendatacommunities.org/id/county-council/lincolnshire,2020-02-03T00:00:00,2019-07-01T00:00:00,2019-07-31T00:00:00,TRUE,England E & NE,Monthly,2019,JUL,75.6,17,,,,,,,,,,,,,,,,,,,,,,,,
Lincolnshire,http://opendatacommunities.org/id/county-council/lincolnshire,2020-02-03T00:00:00,2019-08-01T00:00:00,2019-08-31T00:00:00,TRUE,England E & NE,Monthly,2019,AUG,89.1,16.5,,,,,,,,,,,,,,,,,,,,,,,,
Lincolnshire,http://opendatacommunities.org/id/county-council/lincolnshire,2020-02-03T00:00:00,2019-09-01T00:00:00,2019-09-30T00:00:00,TRUE,England E & NE,Monthly,2019,SEP,104.9,13.4,,,,,,,,,,,,,,,,,,,,,,,,
Lincolnshire,http://opendatacommunities.org/id/county-council/lincolnshire,2020-02-03T00:00:00,2019-10-01T00:00:00,2019-10-31T00:00:00,TRUE,England E & NE,Monthly,2019,OCT,115.4,8.8,,,,,,,,,,,,,,,,,,,,,,,,
Lincolnshire,http://opendatacommunities.org/id/county-council/lincolnshire,2020-02-03T00:00:00,2019-11-01T00:00:00,2019-11-30T00:00:00,TRUE,England E & NE,Monthly,2019,NOV,124,5.6,,,,,,,,,,,,,,,,,,,,,,,,
Lincolnshire,http://opendatacommunities.org/id/county-council/lincolnshire,2020-02-03T00:00:00,2019-12-01T00:00:00,2019-12-31T00:00:00,TRUE,England E & NE,Monthly,2019,DEC,61.4,4.9,,,,,,,,,,,,,,,,,,,,,,,,
Lincolnshire,http://opendatacommunities.org/id/county-council/lincolnshire,2020-02-03T00:00:00,2017-12-01T00:00:00,2019-02-28T00:00:00,TRUE,England E & NE,Season,2019,Winter,130.4,4.89,,,,,,,,,,,,,,,,,,,,,,,,
Lincolnshire,http://opendatacommunities.org/id/county-council/lincolnshire,2020-02-03T00:00:00,2019-03-01T00:00:00,2019-05-31T00:00:00,TRUE,England E & NE,Season,2019,Spring,162.1,8.38,,,,,,,,,,,,,,,,,,,,,,,,
Lincolnshire,http://opendatacommunities.org/id/county-council/lincolnshire,2020-02-03T00:00:00,2019-06-01T00:00:00,2019-08-31T00:00:00,TRUE,England E & NE,Season,2019,Summer,279,15.67,,,,,,,,,,,,,,,,,,,,,,,,
Lincolnshire,http://opendatacommunities.org/id/county-council/lincolnshire,2020-02-03T00:00:00,2019-09-01T00:00:00,2019-11-30T00:00:00,TRUE,England E & NE,Season,2019,Autumn,344.4,9.26,,,,,,,,,,,,,,,,,,,,,,,,
Lincolnshire,http://opendatacommunities.org/id/county-council/lincolnshire,2020-02-03T00:00:00,2019-01-01T00:00:00,2019-12-31T00:00:00,TRUE,England E & NE,Calendar Year,2019,Annual,905.9,9.54,,,,,,,,,,,,,,,,,,,,,,,,
